types of matrix,transcript_27.txt,Applications of Matrices: Solving System of Linear Equations,Solution to a System of Linear Equations,Indirect variation,https://d1e5r329t7a85t.cloudfront.net/91fd2ae0-56d7-11ef-9cea-97c708fd062f.mp4
types of matrix,transcript_26.txt,Inverse of a Non-singular Matrix,Applications of Matrices to Cryptography,Row matrix,https://d1e5r329t7a85t.cloudfront.net/f247a8d0-56fa-11ef-8053-03169634ebb0.mp4
types of matrix,transcript_1.txt,Inverse of a Non-singular Matrix,Adjoint of a Square Matrix,Adjoint of a Square Matrix,https://d1e5r329t7a85t.cloudfront.net/12cce700-f97d-11ed-8ddb-899932d0ef8a.mp4
types of matrix,transcript_27.txt,Applications of Matrices: Solving System of Linear Equations,Solution to a System of Linear Equations,Indirect variation,https://d1e5r329t7a85t.cloudfront.net/91fd2ae0-56d7-11ef-9cea-97c708fd062f.mp4
types of matrix,transcript_26.txt,Inverse of a Non-singular Matrix,Applications of Matrices to Cryptography,Row matrix,https://d1e5r329t7a85t.cloudfront.net/f247a8d0-56fa-11ef-8053-03169634ebb0.mp4
types of matrix,transcript_1.txt,Inverse of a Non-singular Matrix,Adjoint of a Square Matrix,Adjoint of a Square Matrix,https://d1e5r329t7a85t.cloudfront.net/12cce700-f97d-11ed-8ddb-899932d0ef8a.mp4
what is matrix,transcript_26.txt,Inverse of a Non-singular Matrix,Applications of Matrices to Cryptography,Row matrix,https://d1e5r329t7a85t.cloudfront.net/f247a8d0-56fa-11ef-8053-03169634ebb0.mp4
what is matrix,transcript_22.txt,Inverse of a Non-singular Matrix,Adjoint of a Square Matrix,Properties of Matrix Addition Scalar Multiplication and Product of Matrices,https://d1e5r329t7a85t.cloudfront.net/30ad4290-782c-11ef-b2d3-6982263e9345.mp4
what is matrix,transcript_27.txt,Applications of Matrices: Solving System of Linear Equations,Solution to a System of Linear Equations,Indirect variation,https://d1e5r329t7a85t.cloudfront.net/91fd2ae0-56d7-11ef-9cea-97c708fd062f.mp4
types of matrix,transcript_27.txt,Applications of Matrices: Solving System of Linear Equations,Solution to a System of Linear Equations,Indirect variation,https://d1e5r329t7a85t.cloudfront.net/91fd2ae0-56d7-11ef-9cea-97c708fd062f.mp4
types of matrix,transcript_26.txt,Inverse of a Non-singular Matrix,Applications of Matrices to Cryptography,Row matrix,https://d1e5r329t7a85t.cloudfront.net/f247a8d0-56fa-11ef-8053-03169634ebb0.mp4
types of matrix,transcript_1.txt,Inverse of a Non-singular Matrix,Adjoint of a Square Matrix,Adjoint of a Square Matrix,https://d1e5r329t7a85t.cloudfront.net/12cce700-f97d-11ed-8ddb-899932d0ef8a.mp4
what is singular matrix,transcript_26.txt,Inverse of a Non-singular Matrix,Applications of Matrices to Cryptography,Row matrix,https://d1e5r329t7a85t.cloudfront.net/f247a8d0-56fa-11ef-8053-03169634ebb0.mp4
what is singular matrix,transcript_2.txt,Inverse of a Non-singular Matrix,Adjoint of a Square Matrix,Adjoint of a Square Matrix,https://d1e5r329t7a85t.cloudfront.net/9321f420-1da5-11ef-9c97-cd45dc24dae4.mp4
what is singular matrix,transcript_14.txt,Elementary Transformations of a Matrix,Row-Echelon Form,Row-Echelon form and Method to reduce a matrix to a row-echelon form,https://d1e5r329t7a85t.cloudfront.net/a5b98230-c7f0-11ed-b625-5509d2b9239d.mp4
what is singular matrix,transcript_26.txt,Inverse of a Non-singular Matrix,Applications of Matrices to Cryptography,Row matrix,https://d1e5r329t7a85t.cloudfront.net/f247a8d0-56fa-11ef-8053-03169634ebb0.mp4
what is singular matrix,transcript_2.txt,Inverse of a Non-singular Matrix,Adjoint of a Square Matrix,Adjoint of a Square Matrix,https://d1e5r329t7a85t.cloudfront.net/9321f420-1da5-11ef-9c97-cd45dc24dae4.mp4
what is singular matrix,transcript_14.txt,Elementary Transformations of a Matrix,Row-Echelon Form,Row-Echelon form and Method to reduce a matrix to a row-echelon form,https://d1e5r329t7a85t.cloudfront.net/a5b98230-c7f0-11ed-b625-5509d2b9239d.mp4
what is singular matrix,transcript_26.txt,Inverse of a Non-singular Matrix,Applications of Matrices to Cryptography,Row matrix,https://d1e5r329t7a85t.cloudfront.net/f247a8d0-56fa-11ef-8053-03169634ebb0.mp4
what is singular matrix,transcript_2.txt,Inverse of a Non-singular Matrix,Adjoint of a Square Matrix,Adjoint of a Square Matrix,https://d1e5r329t7a85t.cloudfront.net/9321f420-1da5-11ef-9c97-cd45dc24dae4.mp4
what is singular matrix,transcript_14.txt,Elementary Transformations of a Matrix,Row-Echelon Form,Row-Echelon form and Method to reduce a matrix to a row-echelon form,https://d1e5r329t7a85t.cloudfront.net/a5b98230-c7f0-11ed-b625-5509d2b9239d.mp4
what is singular matrix,transcript_26.txt,Inverse of a Non-singular Matrix,Applications of Matrices to Cryptography,Row matrix,https://d1e5r329t7a85t.cloudfront.net/f247a8d0-56fa-11ef-8053-03169634ebb0.mp4
what is singular matrix,transcript_2.txt,Inverse of a Non-singular Matrix,Adjoint of a Square Matrix,Adjoint of a Square Matrix,https://d1e5r329t7a85t.cloudfront.net/9321f420-1da5-11ef-9c97-cd45dc24dae4.mp4
what is singular matrix,transcript_14.txt,Elementary Transformations of a Matrix,Row-Echelon Form,Row-Echelon form and Method to reduce a matrix to a row-echelon form,https://d1e5r329t7a85t.cloudfront.net/a5b98230-c7f0-11ed-b625-5509d2b9239d.mp4
what is singular matrix,transcript_26.txt,Inverse of a Non-singular Matrix,Applications of Matrices to Cryptography,Row matrix,https://d1e5r329t7a85t.cloudfront.net/f247a8d0-56fa-11ef-8053-03169634ebb0.mp4
what is singular matrix,transcript_2.txt,Inverse of a Non-singular Matrix,Adjoint of a Square Matrix,Adjoint of a Square Matrix,https://d1e5r329t7a85t.cloudfront.net/9321f420-1da5-11ef-9c97-cd45dc24dae4.mp4
what is singular matrix,transcript_14.txt,Elementary Transformations of a Matrix,Row-Echelon Form,Row-Echelon form and Method to reduce a matrix to a row-echelon form,https://d1e5r329t7a85t.cloudfront.net/a5b98230-c7f0-11ed-b625-5509d2b9239d.mp4
what is singular matrix,transcript_26.txt,Inverse of a Non-singular Matrix,Applications of Matrices to Cryptography,Row matrix,https://d1e5r329t7a85t.cloudfront.net/f247a8d0-56fa-11ef-8053-03169634ebb0.mp4
what is singular matrix,transcript_2.txt,Inverse of a Non-singular Matrix,Adjoint of a Square Matrix,Adjoint of a Square Matrix,https://d1e5r329t7a85t.cloudfront.net/9321f420-1da5-11ef-9c97-cd45dc24dae4.mp4
what is singular matrix,transcript_14.txt,Elementary Transformations of a Matrix,Row-Echelon Form,Row-Echelon form and Method to reduce a matrix to a row-echelon form,https://d1e5r329t7a85t.cloudfront.net/a5b98230-c7f0-11ed-b625-5509d2b9239d.mp4
what is singular matrix,transcript_26.txt,Inverse of a Non-singular Matrix,Applications of Matrices to Cryptography,Row matrix,https://d1e5r329t7a85t.cloudfront.net/f247a8d0-56fa-11ef-8053-03169634ebb0.mp4
what is singular matrix,transcript_2.txt,Inverse of a Non-singular Matrix,Adjoint of a Square Matrix,Adjoint of a Square Matrix,https://d1e5r329t7a85t.cloudfront.net/9321f420-1da5-11ef-9c97-cd45dc24dae4.mp4
what is singular matrix,transcript_14.txt,Elementary Transformations of a Matrix,Row-Echelon Form,Row-Echelon form and Method to reduce a matrix to a row-echelon form,https://d1e5r329t7a85t.cloudfront.net/a5b98230-c7f0-11ed-b625-5509d2b9239d.mp4
what is singular matrix,transcript_26.txt,Inverse of a Non-singular Matrix,Applications of Matrices to Cryptography,Row matrix,https://d1e5r329t7a85t.cloudfront.net/f247a8d0-56fa-11ef-8053-03169634ebb0.mp4
what is singular matrix,transcript_2.txt,Inverse of a Non-singular Matrix,Adjoint of a Square Matrix,Adjoint of a Square Matrix,https://d1e5r329t7a85t.cloudfront.net/9321f420-1da5-11ef-9c97-cd45dc24dae4.mp4
what is singular matrix,transcript_14.txt,Elementary Transformations of a Matrix,Row-Echelon Form,Row-Echelon form and Method to reduce a matrix to a row-echelon form,https://d1e5r329t7a85t.cloudfront.net/a5b98230-c7f0-11ed-b625-5509d2b9239d.mp4
what is singular matrix,transcript_26.txt,Inverse of a Non-singular Matrix,Applications of Matrices to Cryptography,Row matrix,https://d1e5r329t7a85t.cloudfront.net/f247a8d0-56fa-11ef-8053-03169634ebb0.mp4
what is singular matrix,transcript_2.txt,Inverse of a Non-singular Matrix,Adjoint of a Square Matrix,Adjoint of a Square Matrix,https://d1e5r329t7a85t.cloudfront.net/9321f420-1da5-11ef-9c97-cd45dc24dae4.mp4
what is singular matrix,transcript_14.txt,Elementary Transformations of a Matrix,Row-Echelon Form,Row-Echelon form and Method to reduce a matrix to a row-echelon form,https://d1e5r329t7a85t.cloudfront.net/a5b98230-c7f0-11ed-b625-5509d2b9239d.mp4
